Workbook
Name Slicer_Month: #N/A
Name Slicer_Region: #N/A

Sheet Raw Data
A1: Order ID | B1: Date | C1: Salesperson | D1: Region | E1: Product | F1: Category | G1: Units Sold | H1: Unit Price | I1: Total Sales | J1: Target | K1: Month | L1: Variance | M1: Status
A2: ORD-1001 | B2: 45619 | C2: Brian Chen | D2: North | E2: Monitor | F2: Electronics | G2: 9 | H2: 290 | I2: 2610 | J2: 2407.58 | K2: =TEXT(B2,"MMM YYYY") -> Nov 2024 | L2: =I2-J2 -> 202.42 | M2: =IF(I2>=J2,"Met","Missed") -> Met
A3: ORD-1002 | B3: 45638 | C3: Alice Morgan | D3: South | E3: Planner | F3: Stationery | G3: 14 | H3: 20.28 | I3: 283.92 | J3: 231.65 | K3: =TEXT(B3,"MMM YYYY") -> Dec 2024 | L3: =I3-J3 -> 52.27 | M3: =IF(I3>=J3,"Met","Missed") -> Met
A4: ORD-1003 | B4: 45411 | C4: Ethan Brooks | D4: West | E4: Planner | F4: Stationery | G4: 18 | H4: 23.11 | I4: 415.98 | J4: 374.14 | K4: =TEXT(B4,"MMM YYYY") -> Apr 2024 | L4: =I4-J4 -> 41.84 | M4: =IF(I4>=J4,"Met","Missed") -> Met
A5: ORD-1004 | B5: 45404 | C5: Brian Chen | D5: West | E5: Notebook | F5: Stationery | G5: 1 | H5: 15.71 | I5: 15.71 | J5: 18.53 | K5: =TEXT(B5,"MMM YYYY") -> Apr 2024 | L5: =I5-J5 -> -2.82 | M5: =IF(I5>=J5,"Met","Missed") -> Missed
A6: ORD-1005 | B6: 45466 | C6: Diana Patel | D6: North | E6: Headphones | F6: Accessories | G6: 11 | H6: 112.66 | I6: 1239.26 | J6: 1054.74 | K6: =TEXT(B6,"MMM YYYY") -> Jun 2024 | L6: =I6-J6 -> 184.52 | M6: =IF(I6>=J6,"Met","Missed") -> Met
A7: ORD-1006 | B7: 45475 | C7: Ethan Brooks | D7: North | E7: Webcam | F7: Accessories | G7: 2 | H7: 89.33 | I7: 178.66 | J7: 208.11 | K7: =TEXT(B7,"MMM YYYY") -> Jul 2024 | L7: =I7-J7 -> -29.45 | M7: =IF(I7>=J7,"Met","Missed") -> Missed
A8: ORD-1007 | B8: 45485 | C8: Carlos Rivera | D8: South | E8: Monitor | F8: Electronics | G8: 20 | H8: 332.16 | I8: 6643.2 | J8: 8255.68 | K8: =TEXT(B8,"MMM YYYY") -> Jul 2024 | L8: =I8-J8 -> -1612.48 | M8: =IF(I8>=J8,"Met","Missed") -> Missed
A9: ORD-1008 | B9: 45652 | C9: Alice Morgan | D9: South | E9: Monitor | F9: Electronics | G9: 8 | H9: 291.67 | I9: 2333.36 | J9: 2768.61 | K9: =TEXT(B9,"MMM YYYY") -> Dec 2024 | L9: =I9-J9 -> -435.25 | M9: =IF(I9>=J9,"Met","Missed") -> Missed
A10: ORD-1009 | B10: 45343 | C10: Carlos Rivera | D10: South | E10: Keyboard | F10: Accessories | G10: 12 | H10: 63.02 | I10: 756.24 | J10: 666.49 | K10: =TEXT(B10,"MMM YYYY") -> Feb 2024 | L10: =I10-J10 -> 89.75 | M10: =IF(I10>=J10,"Met","Missed") -> Met
A11: ORD-1010 | B11: 45635 | C11: Brian Chen | D11: South | E11: Headphones | F11: Accessories | G11: 3 | H11: 129.05 | I11: 387.15 | J11: 427.63 | K11: =TEXT(B11,"MMM YYYY") -> Dec 2024 | L11: =I11-J11 -> -40.48 | M11: =IF(I11>=J11,"Met","Missed") -> Missed
A12: ORD-1011 | B12: 45375 | C12: Carlos Rivera | D12: North | E12: Notebook | F12: Stationery | G12: 18 | H12: 14.92 | I12: 268.56 | J12: 244.34 | K12: =TEXT(B12,"MMM YYYY") -> Mar 2024 | L12: =I12-J12 -> 24.22 | M12: =IF(I12>=J12,"Met","Missed") -> Met
A13: ORD-1012 | B13: 45409 | C13: Brian Chen | D13: East | E13: Laptop | F13: Electronics | G13: 13 | H13: 936.07 | I13: 12168.91 | J13: 11364.19 | K13: =TEXT(B13,"MMM YYYY") -> Apr 2024 | L13: =I13-J13 -> 804.72 | M13: =IF(I13>=J13,"Met","Missed") -> Met
... A101: ORD-1100 | B101: 45646 | C101: Ethan Brooks | D101: East | E101: Standing Desk | F101: Furniture | G101: 19 | H101: 439.45 | I101: 8349.55 | J101: 8220.22 | K101: =TEXT(B101,"MMM YYYY") -> Dec 2024 | L101: =I101-J101 -> 129.33 | M101: =IF(I101>=J101,"Met","Missed") -> Met

Sheet Lookup Tables
A1: Salespersons | C1: Regions | E1: Categories | G1: Products
A2: Alice Morgan | C2: North | E2: Electronics | G2: Laptop
A3: Brian Chen | C3: South | E3: Furniture | G3: Monitor
A4: Carlos Rivera | C4: East | E4: Accessories | G4: Desk Chair
A5: Diana Patel | C5: West | E5: Stationery | G5: Standing Desk
A6: Ethan Brooks | G6: Headphones
G7: Webcam
G8: Keyboard
G9: Notebook
G10: Planner
G11: USB Hub

Sheet Pivot Analysis
A1: 📊 PIVOT ANALYSIS SHEET
A2: Row Labels | B2: Sum of Total Sales | C2: Sum of Target
A3: East | B3: 60808.76 | C3: 67255.3
A4: North | B4: 44717.64 | C4: 46095.75
A5: South | B5: 70150.77 | C5: 79631.96
A6: West | B6: 31129.53 | C6: 32912.26
A7: Grand Total | B7: 206806.7 | C7: 225895.27
A10: Row Labels | B10: Sum of Total Sales | C10: Sum of Target | E10: Variance
A11: Brian Chen | B11: 50949.25 | C11: 55120.76 | E11: =D11-C11 -> -55120.76
A12: Diana Patel | B12: 48846.13 | C12: 54676.88 | E12: =D12-C12 -> -54676.88
A13: Ethan Brooks | B13: 39014.46 | C13: 38078.8 | E13: =D13-C13 -> -38078.8
A14: Carlos Rivera | B14: 37309.25 | C14: 43009.7 | E14: =D14-C14 -> -43009.7
A15: Alice Morgan | B15: 30687.61 | C15: 35009.13 | E15: =D15-C15 -> -35009.13
A16: Grand Total | B16: 206806.7 | C16: 225895.27 | E16: =D16-C16 -> -225895.27
A20: Row Labels | B20: Sum of Total Sales | C20: Sum of Target
A21: Apr 2024 | B21: 23867.99 | C21: 22786.93
A22: Aug 2024 | B22: 15833.38 | C22: 17756.52
A23: Dec 2024 | B23: 24652.96 | C23: 27500.74
A24: Feb 2024 | B24: 16721.6 | C24: 17632.01
A25: Jan 2024 | B25: 6470.95 | C25: 7201.89
A26: Jul 2024 | B26: 32656.93 | C26: 36862.03
A27: Jun 2024 | B27: 18423.69 | C27: 19648.77
A28: Mar 2024 | B28: 4291.67 | C28: 4903.26
A29: May 2024 | B29: 11726.94 | C29: 11610.98
A30: Nov 2024 | B30: 8042.74 | C30: 8255.75
A31: Oct 2024 | B31: 18776.65 | C31: 21401.67
A32: Sep 2024 | B32: 25341.2 | C32: 30334.72
A33: Grand Total | B33: 206806.7 | C33: 225895.27

Sheet Dashboard
A1: 📈 SALES PERFORMANCE DASHBOARD
A2: Prepared by : Purti Ladani | April 2026
A3: Total Revenue | B3: =SUM('Raw Data'!I2:I101) -> 206806.7
A5: Total Units Sold | B5: =SUM('Raw Data'!G2:G101) -> 1042
A7: Total Target | B7: =SUM('Raw Data'!J2:J101) -> 225895.27
A9: % Target Achieved | B9: =SUM('Raw Data'!I2:I101)/SUM('Raw Data'!J2:J101) -> 0.91549814
A11: Orders Met Target | B11: =COUNTIF('Raw Data'!M2:M101,"Met") -> 39
A13: Orders Missed Target | B13: =COUNTIF('Raw Data'!M2:M101,"Missed") -> 61
A16: 💡 Next Step: Insert charts from your Pivot Analysis sheet into this dashboard!
